ID,Title,Tags,Image,Date,Description
115639,Orcs Must Die Deathtrap v2.1.1 Free Download,"Action, Indie, Strategy",https://media.oceanofgames.com/2025/09/Orcs-Must-Die-Deathtrap-v2.1.1-Free-Download-4-OceanofGames.com_-140x140.jpg,36 seconds ago,"Orcs Must Die Deathtrap v2.1.1 Free Download PC Game setup in single direct link for Windows. It is an amazing action, strategy and indie game."
115666,Katanaut v1.013 Free Download,Action,https://media.oceanofgames.com/2025/09/Katanaut-v1.013-Free-Download-4-OceanofGames.com_-140x140.jpg,2 days ago,Katanaut v1.013 Free Download PC Game setup in single direct link for Windows. It is an amazing action game.
115660,Star Valor v2.2.2e Free Download,"Action, Indie, RPG",https://media.oceanofgames.com/2025/09/Star-Valor-v2.2.2e-Free-Download-4-OceanofGames.com_-140x140.jpg,2 days ago,Star Valor v2.2.2e Free Download PC Game setup in single direct link for Windows. It is an amazing action and indie game.
115655,Static Dread The Lighthouse v1.1 Free Download,"Action, Adventure, Casual, Indie, Simulation",https://media.oceanofgames.com/2025/09/Static-Dread-The-Lighthouse-v1.1-Free-Download-4-OceanofGames.com_-140x140.jpg,2 days ago,"Static Dread The Lighthouse v1.1 Free Download PC Game setup in single direct link for Windows. It is an amazing action, adventure and indie game."
115466,Dark Fairy Tale Dreamland Survivors More Eggs TENOKE Free Download,"Action, Adventure, Indie, RPG",https://media.oceanofgames.com/2025/09/Dark-Fairy-Tale-Dreamland-Survivors-More-Eggs-TENOKE-Free-Download-4-OceanofGames.com_-140x140.jpg,6 days ago,"Dark Fairy Tale Dreamland Survivors More Eggs TENOKE Free Download PC Game setup in single direct link for Windows. It is an amazing action, adventure and indie game."
115471,Henry Halfhead TENOKE Free Download,"Action, Adventure, Casual, Indie",https://media.oceanofgames.com/2025/09/Henry-Halfhead-TENOKE-Free-Download-4-OceanofGames.com_-140x140.jpg,6 days ago,"Henry Halfhead TENOKE Free Download PC Game setup in single direct link for Windows. It is an amazing action, adventure and indie game."
115476,Swamp Up TENOKE Free Download,"Action, Adventure, Casual, Indie",https://media.oceanofgames.com/2025/09/Swamp-Up-TENOKE-Free-Download-4-OceanofGames.com_-140x140.jpg,1 week ago,"Swamp Up TENOKE Free Download PC Game setup in single direct link for Windows. It is an amazing action, adventure and indie game."
115516,Palworld v0.6.6.79318 Early Access Free Download,"Action, Adventure, Indie, RPG",https://media.oceanofgames.com/2025/09/Palworld-v0.6.6.79318-Early-Access-Free-Download-4-OceanofGames.com_-140x140.jpg,1 week ago,"Palworld v0.6.6.79318 Early Access Free Download PC Game setup in single direct link for Windows. It is an amazing action, adventure and indie game."
115511,Firefighting Simulator Ignite v20250916 Free Download,"Action, Simulation",https://media.oceanofgames.com/2025/09/Firefighting-Simulator-Ignite-v20250916-Free-Download-4-OceanofGames.com_-140x140.jpg,1 week ago,Firefighting Simulator Ignite v20250916 Free Download PC Game setup in single direct link for Windows. It is an amazing action and simulation game.
115506,Hollow Knight Silksong v1.0.28650 Free Download,"Action, Adventure, Indie",https://media.oceanofgames.com/2025/09/Hollow-Knight-Silksong-v1.0.28650-Free-Download-4-OceanofGames.com_-140x140.jpg,1 week ago,"Hollow Knight Silksong v1.0.28650 Free Download PC Game setup in single direct link for Windows. It is an amazing action, adventure and indie game."
115546,JETRUNNER v1.0.4 Free Download,"Action, Adventure, Indie, Racing, Sports",https://media.oceanofgames.com/2025/09/JETRUNNER-v1.0.4-Free-Download-4-OceanofGames.com_-140x140.jpg,1 week ago,"JETRUNNER v1.0.4 Free Download PC Game setup in single direct link for Windows. It is an amazing action, adventure and indie game."
115541,Shape of Dreams v1.0.5.2 Free Download,"Action, Adventure, Indie, RPG",https://media.oceanofgames.com/2025/09/Shape-of-Dreams-v1.0.5.2-Free-Download-4-OceanofGames.com_-140x140.jpg,1 week ago,"Shape of Dreams v1.0.5.2 Free Download PC Game setup in single direct link for Windows. It is an amazing action, adventure and indie game."
115536,Last Epoch v1.3.4 Free Download,"Action, Adventure, Indie, RPG",https://media.oceanofgames.com/2025/09/Last-Epoch-v1.3.4-Free-Download-4-OceanofGames.com_-140x140.jpg,1 week ago,"Last Epoch v1.3.4 Free Download PC Game setup in single direct link for Windows. It is an amazing action, adventure and indie game."
115531,Contraband Police v20250917 Free Download,"Action, Adventure, Simulation",https://media.oceanofgames.com/2025/09/Contraband-Police-v20250917-Free-Download-4-OceanofGames.com_-140x140.jpg,1 week ago,"Contraband Police v20250917 Free Download PC Game setup in single direct link for Windows. It is an amazing action, adventure and simulation game."
115325,Baki Hanma Blood Arena TENOKE Free Download,"Action, Sports",https://media.oceanofgames.com/2025/09/Baki-Hanma-Blood-Arena-TENOKE-Free-Download-4-OceanofGames.com_-140x140.jpg,1 week ago,Baki Hanma Blood Arena TENOKE Free Download PC Game setup in single direct link for Windows. It is an amazing action and sports game.
115305,Beyond Sunset GoldBerg Free Download,"Action, Adventure, Indie",https://media.oceanofgames.com/2025/09/Beyond-Sunset-GoldBerg-Free-Download-4-OceanofGames.com_-140x140.jpg,1 week ago,"Beyond Sunset GoldBerg Free Download PC Game setup in single direct link for Windows. It is an amazing action, adventure and indie game."
115650,Arctic Awakening v20250923 Free Download,"Adventure, Indie",https://media.oceanofgames.com/2025/09/Arctic-Awakening-v20250923-Free-Download-4-OceanofGames.com_-140x140.jpg,4 minutes ago,Arctic Awakening v20250923 Free Download PC Game setup in single direct link for Windows. It is an amazing adventure and indie game.
115634,Sengoku Dynasty v1.1.0.16 Free Download,"Adventure, RPG, Simulation",https://media.oceanofgames.com/2025/09/Sengoku-Dynasty-v1.1.0.16-Free-Download-4-OceanofGames.com_-140x140.jpg,9 minutes ago,"Sengoku Dynasty v1.1.0.16 Free Download PC Game setup in single direct link for Windows. It is an amazing simulation, adventure and role playing game."
115676,The House of Tesla RUNE Free Download,Adventure,https://media.oceanofgames.com/2025/09/The-House-of-Tesla-RUNE-Free-Download-4-OceanofGames.com_-140x140.jpg,2 days ago,The House of Tesla RUNE Free Download PC Game setup in single direct link for Windows. It is an amazing adventure game.
115595,Aethermancer Early Access Free Download,"Adventure, Indie, RPG, Strategy",https://media.oceanofgames.com/2025/09/Aethermancer-Early-Access-Free-Download-4-OceanofGames.com_-140x140.jpg,3 days ago,"Aethermancer Early Access Free Download PC Game setup in single direct link for Windows. It is an amazing strategy, adventure and indie game."
115491,Letters to Arralla TENOKE Free Download,"Adventure, Casual, Indie, RPG",https://media.oceanofgames.com/2025/09/Letters-to-Arralla-TENOKE-Free-Download-4-OceanofGames.com_-140x140.jpg,1 week ago,"Letters to Arralla TENOKE Free Download PC Game setup in single direct link for Windows. It is an amazing casual, adventure and indie game."
115310,The Derailed TENOKE Free Download,"Adventure, Indie",https://media.oceanofgames.com/2025/09/The-Derailed-TENOKE-Free-Download-4-OceanofGames.com_-140x140.jpg,1 week ago,The Derailed TENOKE Free Download PC Game setup in single direct link for Windows. It is an amazing adventure and indie game.
64465,Toybox Turbos Free Download,"Arcade, Racing",https://media.oceanofgames.com/2019/09/Toybox-Turbos-Free-Download-4-OceanofGames.com_-140x140.jpg,5 years ago,"Toybox Turbos Free Download PC Game setup in single direct link for Windows. It is an amazing action, adventure and indie game."
64013,Horizon Chase Turbo Summer Vibes TiNYiSO Free Download,"Arcade, Indie, Racing, Sports",https://media.oceanofgames.com/2019/09/Horizon-Chase-Turbo-Summer-Vibes-TiNYiSO-Free-Download-4-OceanofGames.com_-140x140.jpg,5 years ago,"Horizon Chase Turbo Summer Vibes TiNYiSO Free Download PC Game setup in single direct link for Windows. It is an amazing action, adventure and indie game."
58809,WWE 2K19 Digital Deluxe Edition Free Download,"Arcade, Fighting",https://media.oceanofgames.com/2019/04/https_blogs-images.forbes.com_brianmazique_files_2018_09_WWE-2K19-2-672x372-140x140.jpg,6 years ago,WWE 2K19 Digital Deluxe Edition Free Download PC Game setup in single direct link for Windows. It is an amazing arcade and fighting game.
57778,Mega Man X Legacy Collection 1 and 2 Free Download,"Arcade, Fighting",https://media.oceanofgames.com/2019/03/s5-7656a4b525727427a80f33c551025cd2-140x140.jpg,6 years ago,TEKKEN 7 Ultimate Edition v2.21 + All DLCs Free Download PC Game setup in single direct link for Windows. It is an amazing arcade and fighting game.
57635,Snow Bros Free Download,"Arcade, Fighting",https://media.oceanofgames.com/2019/03/SFVAE-gameplay-1-140x140.jpg,6 years ago,Street Fighter V Arcade Edition + 15 DLCs Free Download PC Game setup in single direct link for Windows. It is an amazing arcade and fighting game.
56834,Star Defender 4 Free Download,Arcade,https://media.oceanofgames.com/2019/03/Mega-Man-X-Legacy-Collection-1-and-2-Free-Download-140x140.jpg,6 years ago,Mega Man X Legacy Collection 1 and 2 Free Download PC Game setup in single direct link for Windows. It is an amazing arcade game.
56876,Smoke Attack 1 Free Download,Arcade,https://media.oceanofgames.com/2019/03/Smoke-Attack-1-Free-Download-140x140.png,6 years ago,Smoke Attack 1 Free Download PC Game setup in single direct link for Windows. Smoke Attack 1 is an amazing arcade game with awesome visuals.
56870,Virtua Cop 2 Free Download,"Arcade, Shooting",https://media.oceanofgames.com/2019/03/Virtua-Cop-2-Free-Download-PC-Game-setup-in-single-direct-link-for-Windows.-Virtua-Cop-2-is-an-amazing-arcade-and-shooting-game.-140x140.jpg,6 years ago,Virtua Cop 2 Free Download PC Game setup in single direct link for Windows. Virtua Cop 2 is an amazing arcade and shooting game.
56867,Super Cow Game Free Download,Arcade,https://media.oceanofgames.com/2019/03/Super-Cow-Game-Free-Download-140x140.jpg,6 years ago,Super Cow Game Free Download PC Game setup in single direct link for Windows. Super Cow Game is an amazing arcade game with amazing visuals
56864,Toki Game Free Download,Arcade,https://media.oceanofgames.com/2019/03/Toki-Game-Free-Download-140x140.jpg,6 years ago,Toki Game Free Download PC Game setup in single direct link for Windows. Toki Game is an amazing platform and arcade game with some awesome visuals.
49357,SpeedRunners Civil Dispute Free Download,"Action, Arcade, Indie, Racing, Sports",https://media.oceanofgames.com/2018/07/ss_03c6b0678e76812b03230529a9f1ad56b88d5549.600x338-140x140.jpg,7 years ago,"SpeedRunners Civil Dispute Free Download PC Game setup in single direct link for Windows. It is an amazing action, casual and indie game."
36389,MOTO RACER 4 Free Download,"Action, Adventure, Arcade, Racing, Sports",https://media.oceanofgames.com/2017/06/MOTO-RACER-4-Free-Download-140x140.jpg,8 years ago,MOTO RACER 4 Free Download PC Game setup in single direct link for Windows. It is an impressive action sports game.
21475,Super Meat Boy Free Download,Arcade,https://media.oceanofgames.com/2015/07/Super-Meat-Boy-Free-Download-140x140.jpg,10 years ago,Super Meat Boy Free Download PC Game setup in single direct link for Windows. Super Meat Boy PC Game 2010 is an independent platform game.
19842,One Night at Flumptys Free Download,"Arcade, Horror, Survival",https://media.oceanofgames.com/2015/05/One-Night-at-Flumptys-Free-Download-140x140.jpg,10 years ago,One Night at Flumptys Free Download PC Game setup in single direct link for windows. One Night at Flumpty’s is an impressive horror game.
70383,Street Fighter V Champion Edition CODEX Free Download,"Action, Fighting",https://media.oceanofgames.com/2020/02/Street-Fighter-V-Champion-Edition-CODEX-Free-Download-4-OceanofGames.com_-140x140.jpg,5 years ago,Street Fighter V Champion Edition CODEX Free Download PC Game setup in single direct link for Windows. It is an amazing action and fighting game.
68725,DRAGON BALL Z KAKAROT CODEX Free Download,"Action, Fighting",https://media.oceanofgames.com/2020/01/DRAGON-BALL-Z-KAKAROT-CODEX-Free-Download-4-OceanofGames.com_-140x140.jpg,5 years ago,DRAGON BALL Z KAKAROT CODEX Free Download PC Game setup in single direct link for Windows. It is an amazing action fighting game.
64609,Power Rangers Battle for the Grid HOODLUM Free Download,"Action, Fighting",https://media.oceanofgames.com/2019/09/Power-Rangers-Battle-for-the-Grid-HOODLUM-Free-Download-4-OceanofGames.com_-140x140.jpg,5 years ago,"Power Rangers Battle for the Grid HOODLUM Free Download PC Game setup in single direct link for Windows. It is an amazing action, adventure and indie game."
61280,Star Wars Battlefront II 2017 Codex Free Download,"Action, Adventure, Fighting, Shooting",https://media.oceanofgames.com/2019/07/Walrus_pdp_screenhi_1920x1080_en_ww_ReinforcementsDTTrooper_v1-140x140.jpg,6 years ago,Star Wars Battlefront II 2017 Codex Free Download PC Game setup in single direct link for Windows. It is an amazing action and adventure game.
61127,Tekken Tag Tournament 2 Free Download For PC,"Action, Adventure, Fighting",https://media.oceanofgames.com/2019/07/Tekken-Tag-Tournament-2-140x140.jpg,6 years ago,Tekken Tag Tournament 2 Free Download For PC setup in single direct link for Windows. Tekken Tag Tournament 2 is the eighth main installment in the Tekken fighting game series
61077,UBOAT B122 Free Download,"Adventure, Fighting, Strategy",https://media.oceanofgames.com/2019/07/UBOAT-B122-Free-Download-4-OceanofGames.com_-140x140.jpg,6 years ago,"UBOAT B122 Free Download PC Game setup in single direct link for Windows. It is an amazing action, adventure and indie game."
60752,WWE 2K19 Digital Deluxe Edition Free Download,"Action, Fantasy, Fighting",https://media.oceanofgames.com/2019/07/Earth-Defense-Force-5-CODEX-Free-Download-PC-140x140.jpg,6 years ago,"Earth Defense Force 5-CODEX Free Download PC Game setup in single direct link for Windows. It is an amazing action, adventure and indie game."
58565,World War Z PC Game Free Download,"Action, Adventure, Fighting, Horror, Shooting",https://media.oceanofgames.com/2019/04/World-War-Z-PC-Game-Free-Download-140x140.jpg,6 years ago,World War Z PC Game Free Download in single direct link for your PC. World War Z is a thrilling four-player cooperative third-person shooter featuring massive swarms of zombies PC Game.
57371,Waku Waku 7 Free Download,"Action, Adventure, Fighting, RPG",https://media.oceanofgames.com/2019/03/assassins-creed-origins-the-curse-of-the-pharaohs-free-download-140x140.jpg,6 years ago,Assassins Creed Origins with All DLCs and Updates Free Download PC Game setup in single direct link for Windows. It is an amazing action game.
56879,The King of Fighters 97 Free Download,Fighting,https://media.oceanofgames.com/2019/03/Mortal-Kombat-1-Free-Download-140x140.jpg,6 years ago,Mortal Kombat 1 Free Download PC game setup in single direct link for Windows. Mortal Kombat 1 is an impressive fighting game.
56861,Street Fighter II Free Download,Fighting,https://media.oceanofgames.com/2019/03/Waku-Waku-7-Free-Download-140x140.jpg,6 years ago,Waku Waku 7 Free Download PC Game setup in single direct link for Windows. Waku Waku 7 is an impressive 2D fighting game.
114087,Five Nights at Freddys Secret of the Mimic RUNE Free Download,"Horror, Indie",https://media.oceanofgames.com/2025/06/Five-Nights-at-Freddys-Secret-of-the-Mimic-RUNE-Free-Download-4-OceanofGames.com_-140x140.jpg,3 months ago,Five Nights at Freddys Secret of the Mimic RUNE Free Download PC Game setup in single direct link for Windows. It is an amazing adventure and indie game.
112211,Gift Collector GoldBerg Free Download,"Adventure, Horror, Indie",https://media.oceanofgames.com/2025/01/Gift-Collector-GoldBerg-Free-Download-4-OceanofGames.com_-140x140.jpg,8 months ago,Gift Collector GoldBerg Free Download PC Game setup in single direct link for Windows. It is an amazing adventure and indie game.
69199,Find Me Horror Game PLAZA Free Download,"Horror, Indie",https://media.oceanofgames.com/2020/01/Find-Me-Horror-Game-PLAZA-Free-Download-4-OceanofGames.com_-140x140.jpg,5 years ago,Find Me Horror Game PLAZA Free Download PC Game setup in single direct link for Windows. It is an amazing horror and indie game.
64589,Palmyra Orphanage SKIDROW Free Download,"Horror, Indie, Survival",https://media.oceanofgames.com/2019/09/Palmyra-Orphanage-SKIDROW-Free-Download-4-OceanofGames.com_-140x140.jpg,5 years ago,"Palmyra Orphanage SKIDROW Free Download PC Game setup in single direct link for Windows. It is an amazing action, adventure and indie game."
64619,Noita Early Access Free Download,"Horror, Indie, Survival",https://media.oceanofgames.com/2019/09/Noita-Early-Access-Free-Download-4-OceanofGames.com_-140x140.jpg,5 years ago,"Noita Early Access Free Download PC Game setup in single direct link for Windows. It is an amazing action, adventure and indie game."
64073,Daymare 1998 HOODLUM Free Download,"Action, Horror, Indie",https://media.oceanofgames.com/2019/09/Daymare-1998-HOODLUM-Free-Download-4-OceanofGames.com_-140x140.jpg,5 years ago,"Daymare 1998 HOODLUM Free Download PC Game setup in single direct link for Windows. It is an amazing action, adventure and indie game."
63973,Showdown Bandit TiNYiSO Free Download,"Action, Adventure, Horror, Indie",https://media.oceanofgames.com/2019/09/Showdown-Bandit-TiNYiSO-Free-Download-4-OceanofGames.com_-140x140.jpg,5 years ago,"Showdown Bandit TiNYiSO Free Download PC Game setup in single direct link for Windows. It is an amazing action, adventure and indie game."
63933,Little Misfortune SKIDROW Free Download,"Adventure, Casual, Horror, Indie",https://media.oceanofgames.com/2019/09/Little-Misfortune-SKIDROW-Free-Download-4-OceanofGames.com_-140x140.jpg,5 years ago,"Little Misfortune SKIDROW Free Download PC Game setup in single direct link for Windows. It is an amazing action, adventure and indie game."
63913,Loco Parentis PLAZA Free Download,"Adventure, Horror, Indie",https://media.oceanofgames.com/2019/09/Loco-Parentis-PLAZA-Free-Download-4-OceanofGames.com_-140x140.jpg,5 years ago,"Loco Parentis PLAZA Free Download PC Game setup in single direct link for Windows. It is an amazing action, adventure and indie game."
63817,The Dark Pictures Anthology Man of Medan HOODLUM Free Download,"Adventure, Horror",https://media.oceanofgames.com/2019/09/The-Dark-Pictures-Anthology-Man-of-Medan-HOODLUM-Free-Download-4-OceanofGames.com_-1-140x140.jpg,5 years ago,"The Dark Pictures Anthology Man of Medan HOODLUM Free Download PC Game setup in single direct link for Windows. It is an amazing horror, adventure and indie game."
63541,The Walking Dead The Telltale Definitive Series CODEX Free Download,"Action, Adventure, Horror, Strategy, Survival",https://media.oceanofgames.com/2019/09/The-Walking-Dead-The-Telltale-Definitive-Series-CODEX-Free-Download-140x140.jpeg,5 years ago,The Walking Dead The Telltale Definitive Series CODEX PC Game setup in single direct link for Windows. It is an amazing horror  game.
63445,The Sinking City Necronomicon Edition CorePack Free Download,"Action, Adventure, Horror, Survival",https://media.oceanofgames.com/2019/09/The-Sinking-City-Necronomicon-Edition-CorePackPack-Free-Download-4-OceanofGames.com_-140x140.jpg,5 years ago,"The Sinking City Necronomicon Edition CorePack Free Download PC Game setup in single direct link for Windows. It is an amazing action, adventure and indie game."
63433,Dying Light The Following Enhanced Edition v1.16.0 All DLCs FitGirl Repack,"Action, Adventure, Horror, RPG",https://media.oceanofgames.com/2016/02/Dying-Light-The-Following-Enhanced-Edition-Free-Download-140x140.jpg,5 years ago,Dying Light The Following Enhanced Edition v1.16.0 All DLCs FitGirl Repack PC Game setup in single direct link for windows. Dying Light The Following 2016 is an action game.
63347,Dark Deception Chapter 2 Plaza Free Download,"Action, Adventure, Horror, Indie, Strategy",https://media.oceanofgames.com/2019/09/Dark-Deception-Chapter-2-Plaza-Free-Download-4-OceanofGames.com_-1-140x140.jpg,5 years ago,"Dark Deception Chapter 2 Plaza Free Download PC Game setup in single direct link for Windows. It is an amazing action, adventure and indie game."
63387,Five Nights At freddys Ultimate Custom Night Free Download,Horror,https://media.oceanofgames.com/2019/09/Five-Nights-At-freddys-Ultimate-Custom-Night-Free-Download-4-OceanofGames.com_-1-140x140.jpg,5 years ago,"Five Nights At freddys Ultimate Custom Night Free Download PC Game setup in single direct link for Windows. It is an amazing action, adventure and indie game."
61201,Condemned Criminal Origins Free Download,"Horror, Survival",https://media.oceanofgames.com/2019/07/6-1024_415-140x140.jpg,6 years ago,Condemned Criminal Origins Free Download PC Game setup in single direct link for Windows. It is an amazing Survival Horror game.
64397,Cardpocalypse SKIDROW Free Download,"Indie, Puzzle",https://media.oceanofgames.com/2019/09/Cardpocalypse-SKIDROW-Free-Download-4-OceanofGames.com_-140x140.jpg,5 years ago,"Cardpocalypse SKIDROW Free Download PC Game setup in single direct link for Windows. It is an amazing action, adventure and indie game."
64387,The Sojourn HOODLUM Free Download,"Adventure, Indie, Mystery, Puzzle",https://media.oceanofgames.com/2019/09/The-Sojourn-HOODLUM-Free-Download-4-OceanofGames.com_-140x140.jpg,5 years ago,"The Sojourn HOODLUM Free Download PC Game setup in single direct link for Windows. It is an amazing action, adventure and indie game."
64093,Nauticrawl ALI213 Free Download,"Indie, Puzzle, Simulation",https://media.oceanofgames.com/2019/09/Nauticrawl-ALI213-Free-Download-4-OceanofGames.com_-140x140.jpg,5 years ago,"Nauticrawl ALI213 Free Download PC Game setup in single direct link for Windows. It is an amazing action, adventure and indie game."
63633,Transport Services PLAZA Free Download,"Indie, Puzzle, Simulation, Strategy",https://media.oceanofgames.com/2019/09/Transport-Services-PLAZA-Free-Download-4-OceanofGames.com_-140x140.jpg,6 years ago,"Transport Services PLAZA Free Download PC Game setup in single direct link for Windows. It is an amazing action, adventure and indie game."
61432,Escape First 2 SKIDROW Free Download,"Adventure, Casual, Indie, Puzzle",https://media.oceanofgames.com/2019/07/Escape-First-2-SKIDROW-Free-Download-4-OceanofGames.com_-140x140.jpg,6 years ago,"Escape First 2 SKIDROW Free Download PC Game setup in single direct link for Windows. It is an amazing casual, adventure and indie game."
60767,Supraland Free Download,"Action, Casual, Indie, Puzzle, Simulation",https://media.oceanofgames.com/2019/07/Mr-Booms-Firework-Factory-PLAZA-Free-Download-4-OceanofGames.com_-140x140.jpg,6 years ago,"Mr Booms Firework Factory-PLAZA Free Download PC Game setup in single direct link for Windows. It is an amazing action, adventure and indie game."
58364,Curious Cases Free Download,"Adventure, Puzzle",https://media.oceanofgames.com/2019/04/Supraland-Free-Download-4-OceanofGames.com_-140x140.jpg,6 years ago,Supraland Free Download PC Game setup in single direct link for Windows. It is an amazing adventure puzzle game.
58291,Demon Hunter 5 Ascendance Free Download,"Adventure, Casual, Horror, Puzzle",https://media.oceanofgames.com/2019/04/Demon-Hunter-5-Ascendance-Free-Download-Free-Download-4-OceanofGames.com_-140x140.jpg,6 years ago,"Demon Hunter 5 Ascendance Free Download PC Game setup in single direct link for Windows. It is an amazing action, adventure and indie game."
58296,Blind Souls Free Download Free Download,"Indie, Puzzle, Simulation",https://media.oceanofgames.com/2019/04/TIS-100-Free-Download-Free-Download-4-OceanofGames.com_-140x140.jpg,6 years ago,"TIS-100 Free Download PC Game setup in single direct link for Windows. It is an indie simulation, programming  game."
58301,Cases of Stolen Beauty Free Download,"Adventure, Indie, Puzzle",https://media.oceanofgames.com/2019/04/Blind-Souls-Free-Download-Free-Download-4-OceanofGames.com_-140x140.jpg,6 years ago,"Blind Souls Free Download Free Download PC Game setup in single direct link for Windows. It is an amazing action, adventure and indie game."
56894,Candy Crush Free Download,Puzzle,https://media.oceanofgames.com/2019/03/Cases-of-Stolen-Beauty-Free-Download-140x140.jpg,6 years ago,Cases of Stolen Beauty Free Download PC Game setup in single direct link for Windows. Cases of Stolen Beauty is an amazing puzzle game.
56850,Unravel Two Free Download,"Adventure, Puzzle",https://media.oceanofgames.com/2019/02/Candy-Crush-PC-Game-Free-Download-140x140.jpg,6 years ago,Candy Crush Free Download PC Game setup in single direct link for Windows. Candy Crush is an amazing puzzle and adventure game.
51123,Sky Ball Free Download,"Adventure, Puzzle",https://media.oceanofgames.com/2018/09/Absquatulate-140x140.jpg,6 years ago,Unravel Two Free Download PC Game setup in single direct link for Windows. It is an amazing adventure and puzzle game.
43171,Tabletop Simulator Tiny Epic Quest With All DLC Free Download,"Indie, Puzzle",https://media.oceanofgames.com/2018/01/Sky-Ball-Free-Download-3-140x140.jpg,7 years ago,Sky Ball Free Download PC Game setup in single direct link for Windows. It is an amazing Puzzle and Indie game.
115179,TRAIL OUT v5.0 Free Download,"Action, Casual, Indie, Racing",https://media.oceanofgames.com/2025/09/TRAIL-OUT-v5.0-Free-Download-4-OceanofGames.com_-140x140.jpg,1 week ago,"TRAIL OUT v5.0 Free Download PC Game setup in single direct link for Windows. It is an amazing action, casual and indie game."
115184,Expeditions A MudRunner Game v1.741703 Free Download,"Adventure, Racing, Simulation",https://media.oceanofgames.com/2025/09/Expeditions-A-MudRunner-Game-v1.741703-Free-Download-4-OceanofGames.com_-140x140.jpg,1 week ago,"Expeditions A MudRunner Game v1.741703 Free Download PC Game setup in single direct link for Windows. It is an amazing racing, adventure and simulation game."
115209,Wreckfest 2 v347229 Early Access Free Download,Racing,https://media.oceanofgames.com/2025/09/Wreckfest-2-v347229-Early-Access-Free-Download-4-OceanofGames.com_-140x140.jpg,1 week ago,Wreckfest 2 v347229 Early Access Free Download PC Game setup in single direct link for Windows. It is an amazing racing game.
115055,Car Service Simulator Early Access Free Download,"Indie, Racing, Simulation",https://media.oceanofgames.com/2025/09/Car-Service-Simulator-Early-Access-Free-Download-4-OceanofGames.com_-140x140.jpg,1 week ago,"Car Service Simulator Early Access Free Download PC Game setup in single direct link for Windows. It is an amazing racing, simulation and indie game."
115070,WHAT THE CAR v5.11.0 TENOKE Free Download,"Action, Adventure, Casual, Indie, Racing",https://media.oceanofgames.com/2025/09/WHAT-THE-CAR-v5.11.0-TENOKE-Free-Download-4-OceanofGames.com_-140x140.jpg,2 weeks ago,"WHAT THE CAR v5.11.0 TENOKE Free Download PC Game setup in single direct link for Windows. It is an amazing action, adventure and indie game."
115010,Wreckfest 2 v347069 Early Access Free Download,Racing,https://media.oceanofgames.com/2025/08/Wreckfest-2-v347069-Early-Access-Free-Download-4-OceanofGames.com_-140x140.jpg,2 weeks ago,Wreckfest 2 v347069 Early Access Free Download PC Game setup in single direct link for Windows. It is an amazing racing game.
114554,Get To Work v1.1.1.6 TENOKE Free Download,"Action, Adventure, Racing",https://media.oceanofgames.com/2025/07/Get-To-Work-v1.1.1.6-TENOKE-Free-Download-4-OceanofGames.com_-140x140.jpg,1 month ago,"Get To Work v1.1.1.6 TENOKE Free Download PC Game setup in single direct link for Windows. It is an amazing action, adventure and racing game."
114349,Alaskan Road Truckers v20250617 Free Download,"Action, Adventure, Casual, Indie, Racing, Simulation",https://media.oceanofgames.com/2025/07/Alaskan-Road-Truckers-v20250617-Free-Download-4-OceanofGames.com_-140x140.jpg,2 months ago,"Alaskan Road Truckers v20250617 Free Download PC Game setup in single direct link for Windows. It is an amazing action, adventure and indie game."
114240,Frog Jump TENOKE Free Download,"Action, Adventure, Casual, Indie, Racing, Strategy",https://media.oceanofgames.com/2025/06/Frog-Jump-TENOKE-Free-Download-4-OceanofGames.com_-140x140.jpg,2 months ago,"Frog Jump TENOKE Free Download PC Game setup in single direct link for Windows. It is an amazing action, adventure and indie game."
113834,Neon Apex Beyond the Limit TENOKE Free Download,Racing,https://media.oceanofgames.com/2025/05/Neon-Apex-Beyond-the-Limit-TENOKE-Free-Download-4-OceanofGames.com_-140x140.jpg,3 months ago,Neon Apex Beyond the Limit TENOKE Free Download PC Game setup in single direct link for Windows. It is an amazing racing game.
114014,The Psychology Behind Cashing Out in Aviator Game for Maximum Wins,Racing,https://media.oceanofgames.com/2025/06/The-Psychology-Behind-Cashing-Out-in-Aviator-Game-for-Maximum-Win-140x140.jpg,4 months ago,Explore the psychology behind the perfect cash out timing in Aviator and improve your strategy to win more consistently online.
113993,Run Sprint Parkour TENOKE Free Download,Racing,https://media.oceanofgames.com/2025/06/The-Appeal-of-Mobile-iGaming-and-Why-It-Is-Gaining-Popularity-in-2025-140x140.jpg,4 months ago,"Over the past decade, the landscape of digital gaming has seen major shifts. One genre growing rapidly in popularity is social casino games — digital games that mimic traditional casino experiences, but without involving any real-money gambling. As more gamers seek out low-pressure, entertaining  [...]</div></div></div><div id=""post-113993"" class=""clear-block post-113993 post type-post status-publish format-standard has-post-thumbnail hentry category-racing count-6 even alt thumb-left author-admin""><div class=""post-details""> <a class=""post-thumb "" id=""thumb-113993"" href=""https://oceanofgames.com/the-appeal-of-mobile-igaming-and-why-it-is-gaining-popularity-in-2025/"" title=""The Appeal of Mobile iGaming, and Why It Is Gaining Popularity in 2025""> <noscript><img width=""140"" height=""140"" src=""https://media.oceanofgames.com/2025/06/The-Appeal-of-Mobile-iGaming-and-Why-It-Is-Gaining-Popularity-in-2025-140x140.jpg"" class=""attachment-140x140 size-140x140 wp-post-image"" alt=""The Appeal of Mobile iGaming, and Why It Is Gaining Popularity in 2025"" decoding=""async"" srcset=""https://media.oceanofgames.com/2025/06/The-Appeal-of-Mobile-iGaming-and-Why-It-Is-Gaining-Popularity-in-2025-140x140.jpg 140w, https://media.oceanofgames.com/2025/06/The-Appeal-of-Mobile-iGaming-and-Why-It-Is-Gaining-Popularity-in-2025-150x150.jpg 150w, https://media.oceanofgames.com/2025/06/The-Appeal-of-Mobile-iGaming-and-Why-It-Is-Gaining-Popularity-in-2025-144x144.jpg 144w"" sizes=""(max-width: 140px) 100vw, 140px"" /></noscript><img width=""140"" height=""140"" src='data:image/svg+xml,%3Csvg%20xmlns=%22http://www.w3.org/2000/svg%22%20viewBox=%220%200%20140%20140%22%3E%3C/svg%3E' data-src=""https://media.oceanofgames.com/2025/06/The-Appeal-of-Mobile-iGaming-and-Why-It-Is-Gaining-Popularity-in-2025-140x140.jpg"" class=""lazyload attachment-140x140 size-140x140 wp-post-image"" alt=""The Appeal of Mobile iGaming, and Why It Is Gaining Popularity in 2025"" decoding=""async"" data-srcset=""https://media.oceanofgames.com/2025/06/The-Appeal-of-Mobile-iGaming-and-Why-It-Is-Gaining-Popularity-in-2025-140x140.jpg 140w, https://media.oceanofgames.com/2025/06/The-Appeal-of-Mobile-iGaming-and-Why-It-Is-Gaining-Popularity-in-2025-150x150.jpg 150w, https://media.oceanofgames.com/2025/06/The-Appeal-of-Mobile-iGaming-and-Why-It-Is-Gaining-Popularity-in-2025-144x144.jpg 144w"" data-sizes=""(max-width: 140px) 100vw, 140px"" /> </a><h2 class=""title""> <a href=""https://oceanofgames.com/the-appeal-of-mobile-igaming-and-why-it-is-gaining-popularity-in-2025/"" rel=""bookmark"" title=""Permanent Link: The Appeal of Mobile iGaming, and Why It Is Gaining Popularity in 2025"">The Appeal of Mobile iGaming, and Why It Is Gaining Popularity in 2025</a></h2><div class=""post-std clear-block""><div class=""post-date""><span class=""ext"">4 months ago</span></div><div class=""post-info""> in <a href=""https://oceanofgames.com/category/racing/"" rel=""tag"" title=""Racing (543 topics)"">Racing</a></div></div><div class=""post-content clear-block""> iGaming, or online casino gambling, is a popular activity with millions of players. Traditional online casinos are played on desktop computers, but improvements in mobile phones and mobile hardware, as well as the rollout of 5G mobile Internet technology, have seen mobile iGaming platforms become  [...]</div></div></div><div id=""post-113621"" class=""clear-block post-113621 post type-post status-publish format-standard has-post-thumbnail hentry category-action category-adventure category-indie category-racing category-sports tag-run-sprint-parkour-tenoke-free-download count-7 odd thumb-left author-admin""><div class=""post-details""> <a class=""post-thumb "" id=""thumb-113621"" href=""https://oceanofgames.com/run-sprint-parkour-tenoke-free-download/"" title=""Run Sprint Parkour TENOKE Free Download""> <noscript><img width=""140"" height=""140"" src=""https://media.oceanofgames.com/2025/05/Run-Sprint-Parkour-TENOKE-Free-Download-1-OceanofGames.com_-140x140.jpg"" class=""attachment-140x140 size-140x140 wp-post-image"" alt="""" decoding=""async"" srcset=""https://media.oceanofgames.com/2025/05/Run-Sprint-Parkour-TENOKE-Free-Download-1-OceanofGames.com_-140x140.jpg 140w, https://media.oceanofgames.com/2025/05/Run-Sprint-Parkour-TENOKE-Free-Download-1-OceanofGames.com_-150x150.jpg 150w, https://media.oceanofgames.com/2025/05/Run-Sprint-Parkour-TENOKE-Free-Download-1-OceanofGames.com_-144x144.jpg 144w"" sizes=""(max-width: 140px) 100vw, 140px"" /></noscript><img width=""140"" height=""140"" src='data:image/svg+xml,%3Csvg%20xmlns=%22http://www.w3.org/2000/svg%22%20viewBox=%220%200%20140%20140%22%3E%3C/svg%3E' data-src=""https://media.oceanofgames.com/2025/05/Run-Sprint-Parkour-TENOKE-Free-Download-1-OceanofGames.com_-140x140.jpg"" class=""lazyload attachment-140x140 size-140x140 wp-post-image"" alt="""" decoding=""async"" data-srcset=""https://media.oceanofgames.com/2025/05/Run-Sprint-Parkour-TENOKE-Free-Download-1-OceanofGames.com_-140x140.jpg 140w, https://media.oceanofgames.com/2025/05/Run-Sprint-Parkour-TENOKE-Free-Download-1-OceanofGames.com_-150x150.jpg 150w, https://media.oceanofgames.com/2025/05/Run-Sprint-Parkour-TENOKE-Free-Download-1-OceanofGames.com_-144x144.jpg 144w"" data-sizes=""(max-width: 140px) 100vw, 140px"" /> </a><h2 class=""title""> <a href=""https://oceanofgames.com/run-sprint-parkour-tenoke-free-download/"" rel=""bookmark"" title=""Permanent Link: Run Sprint Parkour TENOKE Free Download"">Run Sprint Parkour TENOKE Free Download</a></h2><div class=""post-std clear-block""><div class=""post-date""><span class=""ext"">4 months ago</span></div><div class=""post-info""> in <a href=""https://oceanofgames.com/category/action/"" rel=""tag"" title=""Action (3,880 topics)"">Action</a>, <a href=""https://oceanofgames.com/category/adventure/"" rel=""tag"" title=""Adventure (3,551 topics)"">Adventure</a>, <a href=""https://oceanofgames.com/category/indie/"" rel=""tag"" title=""Indie (3,826 topics)"">Indie</a>, <a href=""https://oceanofgames.com/category/racing/"" rel=""tag"" title=""Racing (543 topics)"">Racing</a>, <a href=""https://oceanofgames.com/category/sports/"" rel=""tag"" title=""Sports (425 topics)"">Sports</a></div></div><div class=""post-content clear-block""> Run Sprint Parkour TENOKE Free Download PC Game setup in single direct link for Windows. It is an amazing action, adventure and indie game."
64599,Generation Zero Challenges CODEX Free Download,"Action, Sci, Shooting, Survival",https://media.oceanofgames.com/2019/09/Generation-Zero-Challenges-CODEX-Free-Download-4-OceanofGames.com_-140x140.jpg,5 years ago,"Generation Zero Challenges CODEX Free Download PC Game setup in single direct link for Windows. It is an amazing action, adventure and indie game."
64495,Gears 5 v1.1.15.0 CODEX Free Download,"Action, Shooting",https://media.oceanofgames.com/2019/09/Gears-5-v1.1.15.0-CODEX-Free-Download-4-OceanofGames.com_-140x140.jpg,5 years ago,"Gears 5 v1.1.15.0 CODEX Free Download PC Game setup in single direct link for Windows. It is an amazing action, adventure and indie game."
64163,Chaos PLAZA Free Download,"Action, Adventure, Indie, Shooting, Survival",https://media.oceanofgames.com/2019/09/Chaos-PLAZA-Free-Download-4-OceanofGames.com_-140x140.jpg,5 years ago,"Chaos PLAZA Free Download PC Game setup in single direct link for Windows. It is an amazing action, adventure and indie game."
63883,Police Stories ALI213 Free Download,"Action, Shooting, Simulation, Strategy",https://media.oceanofgames.com/2019/09/Police-Stories-ALI213-Free-Download-4-OceanofGames.com_-140x140.jpg,5 years ago,"Police Stories ALI213 Free Download PC Game setup in single direct link for Windows. It is an amazing action, adventure and indie game."
63643,Beyond Enemy Lines 2 Tank Base SKIDROW Free Download,"Action, Indie, Shooting, War",https://media.oceanofgames.com/2019/09/Beyond-Enemy-Lines-2-Tank-Base-SKIDROW-Free-Download-4-OceanofGames.com_-140x140.jpg,6 years ago,"Beyond Enemy Lines 2 Tank Base SKIDROW Free Download PC Game setup in single direct link for Windows. It is an amazing action, adventure and indie game."
63367,Sniper Elite 4 Deluxe Edition v1.4.1 All DLCs FitGirl Repack Free Download,"Action, Shooting, War",https://media.oceanofgames.com/2019/09/Sniper-Elite-4-Deluxe-Edition-v1.4.1-All-DLCs-FitGirl-Repack-Free-Download-4-OceanofGames.com_-1-140x140.jpg,6 years ago,"Sniper Elite 4 Deluxe Edition v1.4.1 All DLCs FitGirl Repack Free Download PC Game setup in single direct link for Windows. It is an amazing action, adventure and indie game."
62779,Gears Of War 4 Codex Free Download,Shooting,https://media.oceanofgames.com/2019/09/gears-of-war-error-140x140.jpg,6 years ago,Gears Of War 4 Codex Free Download PC Game setup in single direct link for Windows. It is an amazing shooting game.
62777,Terrorist Takedown 3 Free Download,Shooting,https://media.oceanofgames.com/2019/09/screenshot_1440_900_PJ488OV-140x140.jpg,6 years ago,Terrorist Takedown 3 Free Download PC Game setup in single direct link for Windows. It is an amazing shooting game.
61054,Space Mercenary Shooter Episode 1 Free Download,"Action, Shooting",https://media.oceanofgames.com/2019/07/Space-Mercenary-Shooter-Episode-1-Free-Download-4-OceanofGames.com_-140x140.jpg,6 years ago,"Space Mercenary Shooter Episode 1 Free Download PC Game setup in single direct link for Windows. It is an amazing action, adventure and indie game."
57673,Generation Zero Repack Free Download,"Action, Shooting",https://media.oceanofgames.com/2019/03/44439b85f23c2266a81acebfd85076ea-140x140.jpg,6 years ago,Generation Zero Repack Free Download PC Game setup in single direct link for Windows. It is an amazing action and shooting game.
57661,Saints Row IV Game of the Century Edition Free Download,"Action, Shooting",https://media.oceanofgames.com/2019/03/ad0a84339305e6787ba3eeebf09f6e45f3d892a8db4b2626a657aa451404e4ff_product_card_screenshot_600-140x140.jpg,6 years ago,Saints Row IV Game of the Century Edition Free Download PC Game setup in single direct link for Windows. It is an amazing action game.
57559,Bad Boys 2 Free Download,"Action, Shooting",https://media.oceanofgames.com/2019/03/3301515-140x140.jpg,6 years ago,Bad Boys 2 Free Download PC Game setup in single direct link for Windows. It is an amazing action and shooting game.
57088,Call of Duty Black Ops 2 MP with Zombie Mode Free Download,"Action, Shooting",https://media.oceanofgames.com/2019/03/6f4ea030-f05e-406f-9224-d87e6d8c6334.jpg.240p-140x140.jpg,6 years ago,Call of Duty Black Ops 2 MP with Zombie Mode Free Download PC Game setup in single direct link for Windows. It is an amazing action game.
115644,ENDLESS Legend 2 v0.0.71.157967 Early Access Free Download,"RPG, Simulation, Strategy",https://media.oceanofgames.com/2025/09/ENDLESS-Legend-2-v0.0.71.157967-Early-Access-Free-Download-4-OceanofGames.com_-140x140.jpg,2 minutes ago,"ENDLESS Legend 2 v0.0.71.157967 Early Access Free Download PC Game setup in single direct link for Windows. It is an amazing simulation, strategy and role playing game."
115629,Crafters Hollow TENOKE Free Download,Simulation,https://media.oceanofgames.com/2025/09/Crafters-Hollow-TENOKE-Free-Download-4-OceanofGames.com_-140x140.jpg,6 minutes ago,Crafters Hollow TENOKE Free Download PC Game setup in single direct link for Windows. It is an amazing simulation game.
115671,Do No Harm v1.2.1 Free Download,Simulation,https://media.oceanofgames.com/2025/09/Do-No-Harm-v1.2.1-Free-Download-4-OceanofGames.com_-140x140.jpg,2 days ago,Do No Harm v1.2.1 Free Download PC Game setup in single direct link for Windows. It is an amazing simulation game.
115575,Deconstruction Simulator GoldBerg Free Download,"Casual, Indie, Simulation",https://media.oceanofgames.com/2025/09/Deconstruction-Simulator-GoldBerg-Free-Download-4-OceanofGames.com_-140x140.jpg,3 days ago,"Deconstruction Simulator GoldBerg Free Download PC Game setup in single direct link for Windows. It is an amazing casual, simulation and indie game."
115580,Celestial Empire Early Access Free Download,"Simulation, Strategy",https://media.oceanofgames.com/2025/09/Celestial-Empire-Early-Access-Free-Download-4-OceanofGames.com_-140x140.jpg,3 days ago,Celestial Empire Early Access Free Download PC Game setup in single direct link for Windows. It is an amazing simulation and strategy game.
115585,Aztecs The Last Sun Early Access Free Download,"Simulation, Strategy",https://media.oceanofgames.com/2025/09/Aztecs-The-Last-Sun-Early-Access-Free-Download-4-OceanofGames.com_-140x140.jpg,3 days ago,Aztecs The Last Sun Early Access Free Download PC Game setup in single direct link for Windows. It is an amazing simulation and strategy game.
115590,Pompeii The Legacy Early Access Free Download,"Indie, Simulation, Strategy",https://media.oceanofgames.com/2025/09/Pompeii-The-Legacy-Early-Access-Free-Download-4-OceanofGames.com_-140x140.jpg,4 days ago,"Pompeii The Legacy Early Access Free Download PC Game setup in single direct link for Windows. It is an amazing simulation, strategy and indie game."
115451,Bookshop Simulator Early Access Free Download,Simulation,https://media.oceanofgames.com/2025/09/Bookshop-Simulator-Early-Access-Free-Download-4-OceanofGames.com_-140x140.jpg,6 days ago,Bookshop Simulator Early Access Free Download PC Game setup in single direct link for Windows. It is an amazing simulation game.
115461,Squiggle Football Modern Eras TENOKE Free Download,"Simulation, Sports",https://media.oceanofgames.com/2025/09/Squiggle-Football-Modern-Eras-TENOKE-Free-Download-4-OceanofGames.com_-140x140.jpg,6 days ago,Squiggle Football Modern Eras TENOKE Free Download PC Game setup in single direct link for Windows. It is an amazing simulation and sports game.
115496,Placid Plastic Duck Simulator Virtual Thermae TENOKE Free Download,"Casual, Simulation",https://media.oceanofgames.com/2025/09/Placid-Plastic-Duck-Simulator-Virtual-Thermae-TENOKE-Free-Download-4-OceanofGames.com_-140x140.jpg,1 week ago,Placid Plastic Duck Simulator Virtual Thermae TENOKE Free Download PC Game setup in single direct link for Windows. It is an amazing casual and simulation game.
115486,Monster Care Simulator TENOKE Free Download,"Casual, Simulation",https://media.oceanofgames.com/2025/09/Monster-Care-Simulator-TENOKE-Free-Download-4-OceanofGames.com_-140x140.jpg,1 week ago,Monster Care Simulator TENOKE Free Download PC Game setup in single direct link for Windows. It is an amazing casual and simulation game.
115526,Police Simulator Patrol Officers v19.0.4 Free Download,Simulation,https://media.oceanofgames.com/2025/09/Police-Simulator-Patrol-Officers-v19.0.4-Free-Download-4-OceanofGames.com_-140x140.jpg,1 week ago,Police Simulator Patrol Officers v19.0.4 Free Download PC Game setup in single direct link for Windows. It is an amazing simulation game.
115501,Stronghold Crusader Definitive Edition v1.05 Free Download,"Simulation, Strategy",https://media.oceanofgames.com/2025/09/Stronghold-Crusader-Definitive-Edition-v1.05-Free-Download-4-OceanofGames.com_-140x140.jpg,1 week ago,Stronghold Crusader Definitive Edition v1.05 Free Download PC Game setup in single direct link for Windows. It is an amazing simulation and strategy game.
114786,Tony Hawks Pro Skater 3 Plus 4 v20250820 Free Download,Sports,https://media.oceanofgames.com/2025/08/Tony-Hawks-Pro-Skater-3-Plus-4-v20250820-Free-Download-4-OceanofGames.com_-140x140.jpg,3 weeks ago,Tony Hawks Pro Skater 3 Plus 4 v20250820 Free Download PC Game setup in single direct link for Windows. It is an amazing sports game.
114821,WWE 2K25 v1.23 Free Download,"Simulation, Sports",https://media.oceanofgames.com/2025/08/WWE-2K25-v1.23-Free-Download-4-OceanofGames.com_-140x140.jpg,1 month ago,WWE 2K25 v1.23 Free Download PC Game setup in single direct link for Windows. It is an amazing simulation and sports game.
114679,Real Boxing 2 Remastered TENOKE Free Download,"Indie, Sports",https://media.oceanofgames.com/2025/08/Real-Boxing-2-Remastered-TENOKE-Free-Download-4-OceanofGames.com_-140x140.jpg,1 month ago,Real Boxing 2 Remastered TENOKE Free Download PC Game setup in single direct link for Windows. It is an amazing sports and indie game.
113829,Hit It Back TENOKE Free Download,"Casual, Indie, Sports",https://media.oceanofgames.com/2025/05/Hit-It-Back-TENOKE-Free-Download-4-OceanofGames.com_-140x140.jpg,4 months ago,"Hit It Back TENOKE Free Download PC Game setup in single direct link for Windows. It is an amazing casual, sports and indie game."
113621,Run Sprint Parkour TENOKE Free Download,"Action, Adventure, Indie, Racing, Sports",https://media.oceanofgames.com/2025/05/Run-Sprint-Parkour-TENOKE-Free-Download-1-OceanofGames.com_-140x140.jpg,4 months ago,"Run Sprint Parkour TENOKE Free Download PC Game setup in single direct link for Windows. It is an amazing action, adventure and indie game."
113255,STORROR Parkour Pro Early Access Free Download,"Action, Adventure, Indie, Simulation, Sports",https://media.oceanofgames.com/2025/04/STORROR-Parkour-Pro-Early-Access-Free-Download-4-OceanofGames.com_-140x140.jpg,5 months ago,"STORROR Parkour Pro Early Access Free Download PC Game setup in single direct link for Windows. It is an amazing action, adventure and indie game."
113120,Sledders RUNE Free Download,"Racing, Simulation, Sports",https://media.oceanofgames.com/2025/03/Sledders-RUNE-Free-Download-4-OceanofGames.com_-140x140.jpg,6 months ago,"Sledders RUNE Free Download PC Game setup in single direct link for Windows. It is an amazing racing, simulation and sports game."
112971,WWE 2K25 RUNE Free Download,"Simulation, Sports",https://media.oceanofgames.com/2025/03/WWE-2K25-RUNE-Free-Download-4-OceanofGames.com_-140x140.jpg,6 months ago,WWE 2K25 RUNE Free Download PC Game setup in single direct link for Windows. It is an amazing simulation and sports game.
112837,Tennis Fighters TENOKE Free Download,"Action, Casual, Indie, Simulation, Sports",https://media.oceanofgames.com/2025/03/Tennis-Fighters-TENOKE-Free-Download-4-OceanofGames.com_-140x140.jpg,6 months ago,"Tennis Fighters TENOKE Free Download PC Game setup in single direct link for Windows. It is an amazing action, adventure and indie game."
113165,MiniGolf Showdown TENOKE Free Download,Sports,https://media.oceanofgames.com/2025/03/Watch-FISSURE-Universe-Ep.4-with-Cyberscore-140x140.png,7 months ago,"Dota 2 is one of the most popular and successful esports disciplines in the world. It quickly took a leading position in the esports scene thanks to its deep mechanics, strategic complexity, regular updates, high level of competitiveness, and thrilling tournaments. Championships attract millions of  [...]</div></div></div><div id=""post-112607"" class=""clear-block post-112607 post type-post status-publish format-standard has-post-thumbnail hentry category-action category-sports tag-minigolf-showdown-tenoke-free-download count-6 even alt thumb-left author-admin""><div class=""post-details""> <a class=""post-thumb "" id=""thumb-112607"" href=""https://oceanofgames.com/minigolf-showdown-tenoke-free-download/"" title=""MiniGolf Showdown TENOKE Free Download""> <noscript><img width=""140"" height=""140"" src=""https://media.oceanofgames.com/2025/02/MiniGolf-Showdown-TENOKE-Free-Download-4-OceanofGames.com_-140x140.jpg"" class=""attachment-140x140 size-140x140 wp-post-image"" alt="""" decoding=""async"" srcset=""https://media.oceanofgames.com/2025/02/MiniGolf-Showdown-TENOKE-Free-Download-4-OceanofGames.com_-140x140.jpg 140w, https://media.oceanofgames.com/2025/02/MiniGolf-Showdown-TENOKE-Free-Download-4-OceanofGames.com_-150x150.jpg 150w, https://media.oceanofgames.com/2025/02/MiniGolf-Showdown-TENOKE-Free-Download-4-OceanofGames.com_-144x144.jpg 144w"" sizes=""(max-width: 140px) 100vw, 140px"" /></noscript><img width=""140"" height=""140"" src='data:image/svg+xml,%3Csvg%20xmlns=%22http://www.w3.org/2000/svg%22%20viewBox=%220%200%20140%20140%22%3E%3C/svg%3E' data-src=""https://media.oceanofgames.com/2025/02/MiniGolf-Showdown-TENOKE-Free-Download-4-OceanofGames.com_-140x140.jpg"" class=""lazyload attachment-140x140 size-140x140 wp-post-image"" alt="""" decoding=""async"" data-srcset=""https://media.oceanofgames.com/2025/02/MiniGolf-Showdown-TENOKE-Free-Download-4-OceanofGames.com_-140x140.jpg 140w, https://media.oceanofgames.com/2025/02/MiniGolf-Showdown-TENOKE-Free-Download-4-OceanofGames.com_-150x150.jpg 150w, https://media.oceanofgames.com/2025/02/MiniGolf-Showdown-TENOKE-Free-Download-4-OceanofGames.com_-144x144.jpg 144w"" data-sizes=""(max-width: 140px) 100vw, 140px"" /> </a><h2 class=""title""> <a href=""https://oceanofgames.com/minigolf-showdown-tenoke-free-download/"" rel=""bookmark"" title=""Permanent Link: MiniGolf Showdown TENOKE Free Download"">MiniGolf Showdown TENOKE Free Download</a></h2><div class=""post-std clear-block""><div class=""post-date""><span class=""ext"">7 months ago</span></div><div class=""post-info""> in <a href=""https://oceanofgames.com/category/action/"" rel=""tag"" title=""Action (3,886 topics)"">Action</a>, <a href=""https://oceanofgames.com/category/sports/"" rel=""tag"" title=""Sports (426 topics)"">Sports</a></div></div><div class=""post-content clear-block""> MiniGolf Showdown TENOKE Free Download PC Game setup in single direct link for Windows. It is an amazing action and sports game."
112607,CarX Street Deluxe edition v1.4.0 Free Download,"Action, Sports",https://media.oceanofgames.com/2025/02/MiniGolf-Showdown-TENOKE-Free-Download-4-OceanofGames.com_-140x140.jpg,7 months ago,CarX Street Deluxe edition v1.4.0 Free Download PC Game setup in single direct link for Windows. It is an amazing racing and simulation game.
112404,Incredifall BUILD IT TENOKE Free Download,"Racing, Simulation, Sports",https://media.oceanofgames.com/2025/02/CarX-Street-Deluxe-edition-v1.4.0-Free-Download-4-OceanofGames.com_-140x140.jpg,7 months ago,"Incredifall BUILD IT TENOKE Free Download PC Game setup in single direct link for Windows. It is an amazing action, adventure and casual game."
63523,Men of War Assault Squad 2 Cold War CODEX Free Download,"Action, RPG, Simulation, Strategy, War",https://media.oceanofgames.com/2019/09/Men-of-War-Assault-Squad-2-Cold-War-CODEX-Free-Download-4-OceanofGames.com_-2-140x140.jpg,6 years ago,"Men of War Assault Squad 2 Cold War CODEX Free Download PC Game setup in single direct link for Windows. It is an amazing action, adventure and indie game."
63325,Command and Conquer Red Alert 3 Dilogy FitGirl Repack Free Download,"Action, Strategy, War",https://media.oceanofgames.com/2019/09/Command-and-Conquer-Red-Alert-3-Dilogy-FitGirl-Repack-Free-Download-4-OceanofGames.com_-1-140x140.jpg,6 years ago,"Command and Conquer Red Alert 3 Dilogy FitGirl Repack Free Download PC Game setup in single direct link for Windows. It is an amazing action, adventure and indie game."
60762,Aircraft Evolution Free Download,"Action, Strategy, War",https://media.oceanofgames.com/2019/07/Total-War-Three-Kingdoms-CODEX-v1.1.0-With-DLC-Free-Download-4-OceanofGames.com_-140x140.jpg,6 years ago,"Total War Three Kingdoms-CODEX v1.1.0 With DLC Free Download PC Game setup in single direct link for Windows. It is an amazing action, adventure and indie game."
57981,Call Of Duty Black Ops 3 Lag Fix Download,"Action, Casual, War",https://media.oceanofgames.com/2019/03/Aircraft-Evolution-Free-Download-4-OceanofGames.com_-3-140x140.jpg,6 years ago,"Aircraft Evolution Free Download PC Game setup in single direct link for Windows. It is an amazing action, adventure and indie game."
46944,Tiny Metal PC Game Free Download,"Action, Adventure, Fighting, War",https://media.oceanofgames.com/2015/09/Call-of-Duty-Black-Ops-III-Free-Download-140x140.jpg,7 years ago,Call Of Duty Black Ops 3 Lag Fix Download Setup in single direct link for windows PC. You can easily fix any call of duty black ops 3 version of game lag or freeze issue on game startup after applying this fix.
31754,Call of Duty Modern Warfare Remastered Free Download,"Action, Adventure, Fighting, Shooting, War",https://media.oceanofgames.com/2016/11/Call-of-Duty-Modern-Warfare-Remastered-Free-Download-140x140.jpg,8 years ago,Call of Duty Modern Warfare Remastered Free Download PC Game setup in single direct link for Windows. It is an awesome action game.
29320,Civil War II The Bloody Road South Free Download,"Strategy, War",https://media.oceanofgames.com/2016/08/Civil-War-II-The-Bloody-Road-South-Free-Download-140x140.jpg,9 years ago,Civil War II The Bloody Road South Free Download PC Game setup in single direct link for windows. It&#8217;s a superb strategy and simulation game.
28357,Wargame Red Dragon Nation Pack Netherlands Free Download,"Fighting, Strategy, War",https://media.oceanofgames.com/2016/06/Wargame-Red-Dragon-Nation-Pack-Netherlands-Free-Download-140x140.jpg,9 years ago,Wargame Red Dragon Nation Pack Netherlands Free Download PC Game setup in single direct link for windows. It&#8217;s an imposing strategy game.
20081,Napoleon Total War Free Download,"Strategy, War",https://media.oceanofgames.com/2015/05/Napoleon-Total-War-Free-Download-140x140.jpg,9 years ago,Napoleon Total War Free Download PC game setup in single direct link for windows. It is a turn based strategy and real time tactics game.
20369,Star Wars Empire at War Free Download,"Fantasy, Strategy, War",https://media.oceanofgames.com/2015/05/Star-Wars-Empire-at-War-Free-Download-140x140.jpg,9 years ago,Star Wars Empire at War Free Download PC Game setup in single direct link for windows. Star Wars Empire at War is a real time strategy game
20116,Hearts of Iron III Free Download,"Strategy, War",https://media.oceanofgames.com/2015/05/Hearts-of-Iron-3-Free-Game-Download-140x140.jpg,9 years ago,Hearts of Iron III Free Download PC game setup direct link for windows. It&#8217;s a strategy war game where you can play conflicts in world war.
22694,Act of Aggression Free Download,"Strategy, War",https://media.oceanofgames.com/2015/09/Act-of-Aggression-Free-Download-140x140.jpg,10 years ago,Act of Aggression Free Download PC Game setup in single direct link for windows. Act of Aggression 2015 is a strategy and SCI FI game.
21681,Act of Aggression Beta Free Download,"Strategy, War",https://media.oceanofgames.com/2015/07/Act-of-Aggression-Beta-Free-Download-140x140.jpg,10 years ago,Act of Aggression Beta Free Download PC Game setup in single direct link for Windows. Act of Aggression 2015 is a real time strategy game.
115456,Flick Shot Rogues GoldBerg Free Download,"Indie, Strategy",https://media.oceanofgames.com/2025/09/Flick-Shot-Rogues-GoldBerg-Free-Download-4-OceanofGames.com_-140x140.jpg,6 days ago,Flick Shot Rogues GoldBerg Free Download PC Game setup in single direct link for Windows. It is an amazing strategy and indie game.
115481,Rana Card TENOKE Free Download,"Casual, Indie, Strategy",https://media.oceanofgames.com/2025/09/Rana-Card-TENOKE-Free-Download-4-OceanofGames.com_-140x140.jpg,1 week ago,"Rana Card TENOKE Free Download PC Game setup in single direct link for Windows. It is an amazing casual, strategy and indie game."
115521,Crusader Kings III v1.17.1 Free Download,"RPG, Simulation, Strategy",https://media.oceanofgames.com/2025/09/Crusader-Kings-III-v1.17.1-Free-Download-4-OceanofGames.com_-140x140.jpg,1 week ago,Crusader Kings III v1.17.1 Free Download PC Game setup in single direct link for Windows. It is an amazing simulation and strategy game.
115330,Craft The World v1.11.007 TENOKE Free Download,"Indie, RPG, Simulation, Strategy",https://media.oceanofgames.com/2025/09/Craft-The-World-v1.11.007-TENOKE-Free-Download-4-OceanofGames.com_-140x140.jpg,1 week ago,"Craft The World v1.11.007 TENOKE Free Download PC Game setup in single direct link for Windows. It is an amazing simulation, strategy and indie game."
115360,Shrink Rooms v1.2.3 Free Download,"Casual, Indie, Strategy",https://media.oceanofgames.com/2025/09/Shrink-Rooms-v1.2.3-Free-Download-4-OceanofGames.com_-140x140.jpg,2 weeks ago,"Shrink Rooms v1.2.3 Free Download PC Game setup in single direct link for Windows. It is an amazing casual, strategy and indie game."
115251,Candy Shop Simulator TENOKE Free Download,"Casual, Indie, Simulation, Strategy",https://media.oceanofgames.com/2025/09/Candy-Shop-Simulator-TENOKE-Free-Download-4-OceanofGames.com_-140x140.jpg,2 weeks ago,"Candy Shop Simulator TENOKE Free Download PC Game setup in single direct link for Windows. It is an amazing casual, simulation and indie game."
115236,Monster Train 2 v13058 Free Download,"Indie, Strategy",https://media.oceanofgames.com/2025/09/Monster-Train-2-v13058-Free-Download-4-OceanofGames.com_-140x140.jpg,2 weeks ago,Monster Train 2 v13058 Free Download PC Game setup in single direct link for Windows. It is an amazing strategy and indie game.
115271,Coin Push RPG Kaguya Shinguuji TENOKE Free Download,"Casual, Indie, RPG, Strategy",https://media.oceanofgames.com/2025/09/Coin-Push-RPG-Kaguya-Shinguuji-TENOKE-Free-Download-4-OceanofGames.com_-140x140.jpg,2 weeks ago,"Coin Push RPG Kaguya Shinguuji TENOKE Free Download PC Game setup in single direct link for Windows. It is an amazing casual, strategy and indie game."
115214,Sultans Game v1.0.3f0e7ae6 Free Download,"Adventure, Indie, RPG, Simulation, Strategy",https://media.oceanofgames.com/2025/09/Sultans-Game-v1.0.3f0e7ae6-Free-Download-4-OceanofGames.com_-140x140.jpg,3 weeks ago,"Sultans Game v1.0.3f0e7ae6 Free Download PC Game setup in single direct link for Windows. It is an amazing simulation, adventure and indie game."
58381,Dance of Death Du Lac and Fey Free Download,"Adventure, Indie, Mystery",https://media.oceanofgames.com/2019/04/Dance-of-Death-Du-Lac-and-Fey-Free-Download-4-OceanofGames.com_-140x140.jpg,6 years ago,"Dance of Death Du Lac and Fey Free Download PC Game setup in single direct link for Windows. It is an amazing , adventure and indie game."
36362,Get Even Free Download,"Action, Adventure, Mystery, Shooting",https://media.oceanofgames.com/2017/06/Get-Even-Free-Download-140x140.jpg,8 years ago,Get Even Free Download PC Game setup in single direct link for Windows. Get Even is an impressive action game.
29121,Tom VS The Armies Of Hell Free Download,"Action, Adventure, Mystery",https://media.oceanofgames.com/2016/07/Tom-vs.-The-Armies-Of-Hell-Free-Download-140x140.jpg,9 years ago,Tom VS The Armies Of Hell Free Download PC Game setup in single direct link for windows. Tom vs The Armies of Hell 2016 is an action game.
21453,Contradiction Spot The Liar PC Game Free Download,"Adventure, Mystery, RPG, Strategy",https://media.oceanofgames.com/2015/07/Contradiction-Spot-The-Liar-Free-Download-140x140.jpg,10 years ago,Contradiction Spot The Liar PC Game Free Download setup direct link for windows. It&#8217;s an adventure and strategy game with RPG elements in it
17755,Anna PC Game Free Download,"Horror, Mystery, Puzzle",https://media.oceanofgames.com/2015/03/Anna-PC-Game-Free-Download-140x140.png,10 years ago,Anna PC Game Free Download PC Game setup in single direct link for windows. Anna 2012 is a Magnificent psychological horror video game.
12092,CSI Miami Free Download,"Mystery, Puzzle",https://media.oceanofgames.com/2014/11/CSI-Miami-Download-For-Free-140x140.jpg,10 years ago,CSI Miami Free Download PC Game setup in single direct link for windows.CSI Miami is a game which is based on mystery and case solving.
11436,True Crime New York City Free Download,"Action, Adventure, Fighting, Mystery, Shooting",https://media.oceanofgames.com/2014/11/True-Crime-New-York-City-Setup-Download-For-Free-140x140.jpg,10 years ago,True Crime New York City Free Download PC game setup single direct link for windows. It&#8217;s an action and adventures game based on criminals.
9454,Divinity Original Sin Free Download,"Fantasy, Mystery, Strategy",https://media.oceanofgames.com/2014/10/Divinity-Original-Sin-Free-Download-140x140.jpg,10 years ago,Divinity Original Sin Free Download  PC game Setup for Windows. It is based on the mysterious magical land and a totally strategical game.
9470,Game of Thrones PC Game Free Download,"Mystery, Strategy, War",https://media.oceanofgames.com/2014/10/Game_of_Thrones_Free-Download-140x140.jpg,10 years ago,Game of Thrones PC Game Free Download single link for Window. It is based on the mysterious land and chronical of the conquering of this land
9458,Far Cry Free Download,"Fighting, Mystery, Shooting",https://media.oceanofgames.com/2014/10/Far-Cry-Free-Game-Download-140x140.png,10 years ago,Far Cry Free Download PC game for Windows. A army officer who gets trapped on the mysterious island and have to escape from the gangsters.
8722,Sonic Heroes Free Download,"Adventure, Fighting, Mystery",https://media.oceanofgames.com/2014/09/Sonic-Heroes-Free-Download-PC-Game-140x140.jpg,10 years ago,Sonic Heroes Free Download PC Game set up for Windows. A teams of three members with individual skills who are searching for a mad doctor.
5876,Trine 2 Free Download,"Action, Mystery",https://media.oceanofgames.com/2014/06/Trine_2_1-140x140.jpg,11 years ago,Trine 2 Free Download PC Game Setup in single link For Windows. It&#8217;s an action and true magical powers of the character to save his land.
5879,The Adventures Of Tintin Secret Of The Unicorn Free Download,Mystery,https://media.oceanofgames.com/2014/06/The_Adventures_Of_Tintin_The_Secret_Of_The_Unicon-1-140x140.jpg,11 years ago,The Adventures Of Tintin Secret Of The Unicorn Free Download Game Setup For Windows. It is based on the storyline of a mystery solving boy.
4782,Scooby Doo First Frights Free Download,Mystery,https://media.oceanofgames.com/2014/05/scooby-doo-1-140x140.jpg,11 years ago,Scooby Doo First Frights Free Download Game setup For Windows. It is the game based on a cartoon fiction series and solving mysteries.
543,The Testament Of Sherlock Holmes Free Download,"Adventure, Mystery",https://media.oceanofgames.com/2013/12/The-Testament-of-Sherlock-Holmes-Free-Download-140x140.jpg,11 years ago,"The Testament Of Sherlock Holmes Free Download game setup in single direct link. It&#8217;s an adventurous, investigative and a detective game."
64529,Contra Rogue Corps CODEX Free Download,"Action, Fantasy",https://media.oceanofgames.com/2019/09/Contra-Rogue-Corps-CODEX-Free-Download-4-OceanofGames.com_-140x140.jpg,5 years ago,"Contra Rogue Corps CODEX Free Download PC Game setup in single direct link for Windows. It is an amazing action, adventure and indie game."
64549,The Surge 2 CODEX Free Download,"Action, Adventure, Fantasy",https://media.oceanofgames.com/2019/09/The-Surge-2-CODEX-Free-Download-4-OceanofGames.com_-140x140.jpg,5 years ago,"The Surge 2 CODEX Free Download PC Game setup in single direct link for Windows. It is an amazing action, adventure and indie game."
63555,Gears 5 Free Download,"Action, Fantasy, Sci",https://media.oceanofgames.com/2019/09/Gears-5-Free-Download-4-OceanofGames.com_-140x140.jpg,6 years ago,"Gears 5 Free Download PC Game setup in single direct link for Windows. It is an amazing action, adventure and indie game."
63357,Zombotron v1.2.1 SiMPLEX Free Download,"Action, Adventure, Fantasy, Indie",https://media.oceanofgames.com/2019/09/Zombotron-v1.2.1-SiMPLEX-Free-Download-4-OceanofGames.com_-1-140x140.jpg,6 years ago,"Zombotron v1.2.1 SiMPLEX Free Download PC Game setup in single direct link for Windows. It is an amazing action, adventure and indie game."
63337,Darksiders III v25470 With DLC FitGirl Repack Free Download,"Action, Adventure, Fantasy",https://media.oceanofgames.com/2019/09/Darksiders-III-v25470-With-DLC-FitGirl-Repack-Free-Download-4-OceanofGames.com_-1-140x140.jpg,6 years ago,"Darksiders III v25470 With DLC FitGirl Repack Free Download PC Game setup in single direct link for Windows. It is an amazing action, adventure and indie game."
61049,Gloomhaven Early Access Free Download,"Action, Fantasy, RPG, Strategy",https://media.oceanofgames.com/2019/07/Gloomhaven-Early-Access-Free-Download-4-OceanofGames.com_-140x140.jpg,6 years ago,"Gloomhaven Early Access Free Download PC Game setup in single direct link for Windows. It is an amazing action, adventure and indie game."
61064,Elemental War Free Download,"Adventure, Fantasy, Indie",https://media.oceanofgames.com/2019/07/Elemental-War-Free-Download-4-OceanofGames.com_-140x140.jpg,6 years ago,"Elemental War Free Download PC Game setup in single direct link for Windows. It is an amazing action, adventure and indie game."
60916,Kingdom Wars 2 Definitive Edition Free Download,"Fantasy, Indie, Simulation, Strategy",https://media.oceanofgames.com/2019/07/Kingdom-Wars-2-Definitive-Edition-Free-Download-2-OceanofGames.com_-1-140x140.jpg,6 years ago,"Kingdom Wars 2 Definitive Edition Free Download PC Game setup in single direct link for Windows. It is an amazing action, adventure and indie game."
58477,Middle Earth Shadow of Mordor With All Updates DLCs Repack Free Download,"Action, Adventure, Fantasy, Indie",https://media.oceanofgames.com/2019/04/Middle-Earth-Shadow-of-Mordor-Free-Download-4-OceanofGames.com_-140x140.jpg,6 years ago,"Middle Earth Shadow of Mordor With All Updates DLCs Repack Free Download PC Game setup in single direct link for Windows. It is an amazing action, adventure and indie game."
53230,Thronebreaker The Witcher Tales Free Download,"Fantasy, RPG, Strategy",https://media.oceanofgames.com/2018/10/8ad695136c08bc4ebb229bb7ed8b29b05a00aab72400329f8bd3592c7e41682a_product_card_v2_mobile_slider_639-140x140.jpg,6 years ago,"Thronebreaker The Witcher Tales Free Download PC Game setup in single direct link for Windows. It is an amazing fantasy, strategy and role playing game."
12971,Dragon Age Inquisition With All Updates and DLC Free Download,"Action, Adventure, Fantasy",https://media.oceanofgames.com/2014/12/Dragon-Age-Inquisition-Free-Download-140x140.jpg,7 years ago,Dragon Age Inquisition With All Updates and DLC Free Download PC game setup in direct link for windows. Dragon Age Inquisition is an action and role playing game.
42728,Armello Rivals Hero Pack With All DLC Free Download,"Adventure, Fantasy, Indie, RPG, Strategy",https://media.oceanofgames.com/2017/12/Armello-Rivals-Hero-Pack-With-All-DLC-Free-Download-140x140.jpg,7 years ago,Armello Rivals Hero Pack With All DLC Free Download PC Game setup in single direct link for Windows. It is an impressive Adventure RPG game.
42716,Defenders Quest Valley of the Forgotten Deluxe Edition Free Download,"Fantasy, Indie, RPG, Strategy",https://media.oceanofgames.com/2017/12/Defenders-Quest-Valley-of-the-Forgotten-Deluxe-Edition-Free-Download-140x140.jpg,7 years ago,Defenders Quest Valley of the Forgotten Deluxe Edition Free Download PC Game setup in single direct link for Windows. It is an impressive RPG Fantasy game.
39619,Hellblade Senuas Sacrifice Free Download,"Action, Adventure, Fantasy, Fighting",https://media.oceanofgames.com/2017/08/Hellblade-Senuas-Sacrifice-Free-Download-PC-Game-140x140.jpg,8 years ago,Hellblade Senuas Sacrifice Free Download PC Game setup in single direct link for Windows. It is an impressive action adventure game.
31973,Killing Floor 2 Free Download,"Action, Adventure, Fantasy, Shooting",https://media.oceanofgames.com/2016/11/Killing-Floor-2-Free-Download-140x140.png,8 years ago,Killing Floor 2 Free Download PC game setup in single direct link for Windows. It is an awesome action game.
64175,Crying Suns DARKSiDERS Free Download,"Indie, Sci, Strategy",https://media.oceanofgames.com/2019/09/Crying-Suns-DARKSiDERS-Free-Download-4-OceanofGames.com_-140x140.jpg,5 years ago,"Crying Suns DARKSiDERS Free Download PC Game setup in single direct link for Windows. It is an amazing action, adventure and indie game."
61125,Overload Deluxe Pack DARKSiDERS Free Download,"Action, Sci",https://media.oceanofgames.com/2019/07/Overload-Deluxe-Pack-DARKSiDERS-Free-Download-1-OceanofGames.com_-3-140x140.jpg,6 years ago,"Overload Deluxe Pack DARKSiDERS Free Download PC Game setup in single direct link for Windows. It is an amazing action, adventure and indie game."
61044,Cyberprank 2069 PROPER PLAZA Free Download,"Sci, Simulation",https://media.oceanofgames.com/2019/07/Cyberprank-2069-PROPER-PLAZA-Free-Download-4-OceanofGames.com_-140x140.jpg,6 years ago,"Cyberprank 2069 PROPER PLAZA Free Download PC Game setup in single direct link for Windows. It is an amazing action, adventure and indie game."
57034,Truberbrook Free Download,"Adventure, Indie, Sci",https://media.oceanofgames.com/2019/03/ss_94e7c0669b1d6454696a6d5c288719f9a76c5ef0.600x338-140x140.jpg,6 years ago,Truberbrook Free Download PC Game setup in single direct link for Windows. It is an amazing adventure and indie game.
12166,Star Wars The Force Unleashed Free Download,"Action, Adventure, Sci",https://media.oceanofgames.com/2014/11/star-wars-the-force-unleashed-free-download-140x140.png,6 years ago,Star Wars The Force Unleashed Free Download PC game Setup for Windows. It is a third person action adventure game with a compelling plot.
55736,Neon Chrome Deluxe Edition Free Download,"Action, Sci, Shooting",https://media.oceanofgames.com/2019/02/a-140x140.jpg,6 years ago,"Neon Chrome Deluxe Edition Free Download PC Game setup in single direct link for Windows. It is an amazing action, shooter and sci fi  game."
54572,Redout Solar Challenge Edition Free Download,"Racing, Sci",https://media.oceanofgames.com/2018/12/ss_b207a00faa64240b7b4b9718890e08befd11a4eb.1920x1080-140x140.jpg,6 years ago,Redout Solar Challenge Edition Free Download PC Game setup in single direct link for Windows. It is an amazing racing and Sci-Fi game.
39684,Damascus Gear Operation Tokyo HD Free Download,"Action, Sci",https://media.oceanofgames.com/2017/08/Damascus-Gear-Operation-Tokyo-HD-Free-Download-140x140.jpg,8 years ago,Damascus Gear Operation Tokyo HD Free Download PC Game setup in single direct link for Windows. It is an impressive action game.
28485,Breached PC Game Free Download,"Adventure, Sci",https://media.oceanofgames.com/2016/06/Breached-PC-Game-Free-Download-140x140.jpg,9 years ago,"Breached PC Game Free Download setup in single direct link for windows. Breached 2016 is an impressive adventure, SCI Fi game."
27674,XCOM 2 Alien Hunters DLC Free Download,"Sci, Strategy",https://media.oceanofgames.com/2016/05/XCOM-2-Alien-Hunters-DLC-Free-Download-140x140.jpg,9 years ago,XCOM 2 Alien Hunters DLC Free Download PC Game setup in single link for windows. XCOM 2 Alien Hunters DLC is an impressive strategy game.
23196,Solar Shifter EX Free Download,"Action, Adventure, Sci",https://media.oceanofgames.com/2015/09/Solar-Shifter-EX-Free-Download-140x140.png,9 years ago,Solar Shifter EX Free Download PC Game setup in single direct link for windows. Solar Shifter EX 2015 is an action and adventures game.
20423,Starcraft Brood War Free Download,"Sci, Strategy",https://media.oceanofgames.com/2015/05/Starcraft-Brood-War-Free-Download-140x140.jpg,9 years ago,Starcraft Brood War Free Download PC Game setup in direct link for windows. It is a military science fiction and real time strategy game.
22806,Raiden IV Overkill PC Game Free Download,"Action, Sci",https://media.oceanofgames.com/2015/09/Raiden-IV-Overkill-PC-Game-Free-Download-140x140.jpg,10 years ago,Raiden IV Overkill PC Game Free Download setup in single direct link for windows. Raiden IV Overkill 2015 is an action and sci fi game.
22758,Stasis PC Game Free Download,"Adventure, Horror, Puzzle, Sci",https://media.oceanofgames.com/2015/09/Stasis-PC-Game-Free-Download-140x140.jpg,10 years ago,"Stasis PC Game Free Download setup in single direct link for windows. STASIS 2015 is a point and click, sci fi horror adventure video game."
115340,Chained Echoes v1.3452 Free Download,"Indie, RPG",https://media.oceanofgames.com/2025/09/Chained-Echoes-v1.3452-Free-Download-4-OceanofGames.com_-140x140.jpg,1 week ago,Chained Echoes v1.3452 Free Download PC Game setup in single direct link for Windows. It is an amazing indie and role playing game.
115350,Sensei I Like You So Much v1.0.0.0909 Free Download,"Casual, Indie, RPG, Simulation",https://media.oceanofgames.com/2025/09/Sensei-I-Like-You-So-Much-v1.0.0.0909-Free-Download-4-OceanofGames.com_-140x140.jpg,2 weeks ago,"Sensei I Like You So Much v1.0.0.0909 Free Download PC Game setup in single direct link for Windows. It is an amazing casual, simulation and indie game."
115256,Touhou Fearless Frogslayer TENOKE Free Download,"Action, Adventure, Casual, Indie, RPG",https://media.oceanofgames.com/2025/09/Touhou-Fearless-Frogslayer-TENOKE-Free-Download-4-OceanofGames.com_-140x140.jpg,2 weeks ago,"Touhou Fearless Frogslayer TENOKE Free Download PC Game setup in single direct link for Windows. It is an amazing action, adventure and indie game."
115246,Shape of Dreams RUNE Free Download,"Action, Adventure, Indie, RPG",https://media.oceanofgames.com/2025/09/Shape-of-Dreams-RUNE-Free-Download-4-OceanofGames.com_-140x140.jpg,2 weeks ago,"Shape of Dreams RUNE Free Download PC Game setup in single direct link for Windows. It is an amazing action, adventure and indie game."
115281,Last Epoch v1.3.3.1 Free Download,"Action, Adventure, Indie, RPG",https://media.oceanofgames.com/2025/09/Last-Epoch-v1.3.3.1-Free-Download-4-OceanofGames.com_-140x140.jpg,2 weeks ago,"Last Epoch v1.3.3.1 Free Download PC Game setup in single direct link for Windows. It is an amazing action, adventure and indie game."
115174,Lost Soul Aside v20250905 Free Download,"Action, Adventure, RPG",https://media.oceanofgames.com/2025/09/Lost-Soul-Aside-v20250905-Free-Download-4-OceanofGames.com_-140x140.jpg,2 weeks ago,Lost Soul Aside v20250905 Free Download PC Game setup in single direct link for Windows. It is an amazing action and adventure game.
64559,Niffelheim Jotuns PLAZA Free Download,"Action, Adventure, Indie, RPG, Survival",https://media.oceanofgames.com/2019/09/Niffelheim-Jotuns-PLAZA-Free-Download-4-OceanofGames.com_-140x140.jpg,5 years ago,"Niffelheim Jotuns PLAZA Free Download PC Game setup in single direct link for Windows. It is an amazing action, adventure and indie game."
64455,Chaos PLAZA Free Download,"Adventure, Survival",https://media.oceanofgames.com/2019/09/Subnautica-Below-Zero-v18744-Free-Download-4-OceanofGames.com_-140x140.jpg,5 years ago,"Subnautica: Below Zero v18744 Free Download PC Game setup in single direct link for Windows. It is an amazing action, adventure and indie game."
63923,Die Young SKIDROW Free Download,"Strategy, Survival",https://media.oceanofgames.com/2019/09/Overland-GOG-Free-Download-4-OceanofGames.com_-140x140.jpg,5 years ago,"Overland GOG Free Download PC Game setup in single direct link for Windows. It is an amazing action, adventure and indie game."
61082,SCUM v0.2.46.15471 Free Download,"Adventure, Survival",https://media.oceanofgames.com/2019/07/SCUM-v0.2.46.15471-Free-Download-4-OceanofGames.com_-140x140.jpg,6 years ago,"SCUM v0.2.46.15471 Free Download PC Game setup in single direct link for Windows. It is an amazing action, adventure and indie game."
60933,Atlas v209.499 Free Download,"Adventure, Survival",https://media.oceanofgames.com/2019/07/Atlas-v209.499-Free-Download-4-OceanofGames.com_-140x140.jpg,6 years ago,"Atlas v209.499 Free Download PC Game setup in single direct link for Windows. It is an amazing action, adventure and indie game."
57353,Last Year The Nightmare Free Download,"Action, Horror, Survival",https://media.oceanofgames.com/2019/03/081687-140x140.jpg,6 years ago,"State of Decay 2 Update 3 + 7 DLCs Free Download PC Game setup in single direct link for Windows. It is an amazing action, survival and horror game."
55233,State of Decay 2 Free Download,"Action, Horror, Survival",https://media.oceanofgames.com/2019/01/523591694990573588-140x140.png,6 years ago,Last Year The Nightmare Free Download PC Game setup in single direct link for Windows. It is an amazing action and horror game.
41154,IGI 2 Trainer Free Download,"Action, Shooting, Trainer",https://media.oceanofgames.com/2017/11/IGI-2-Trainer-Free-Download-140x140.jpg,7 years ago,IGI 2 Trainer Free Download PC Game setup in single direct link for Windows. It is an impressive shooting game with infinite life and ammo.
41142,IGI 1 Trainer Unlimited Ammo Unlimited Health Free Download,"Action, Shooting, Trainer",https://media.oceanofgames.com/2017/11/IGI-1-Trainer-Free-Download-140x140.jpg,7 years ago,IGI 1 Trainer Unlimited Ammo Unlimited Health Free Download PC game setup in single direct link for Windows . It is an impressive shooting game with unlimited life and ammo.
33755,GTA V Update Unlimited Money Trainer Free Download,"Action, Adventure, Trainer",https://media.oceanofgames.com/2017/02/GTA-V-Update-Unlimited-Money-Trainer-Free-Download-140x140.jpg,8 years ago,GTA V Update Unlimited Money Trainer Free Download PC Game setup in single direct link for Windows. It is an action and adventure game.
115571,Why CS2 Cases Shape the Future of Gaming,Reviews,https://media.oceanofgames.com/2025/09/Stage-of-Entertainment-140x140.jpg,1 month ago,
115124,All the features of using smart technologies for matches and training in the NBA,Reviews,https://media.oceanofgames.com/2025/09/Frank-140x140.jpg,1 month ago,
114711,Popular Card Game Uno Is Heading to Las Vegas,Reviews,https://media.oceanofgames.com/2025/08/Popular-Card-Game-Uno-Is-Heading-to-Las-Vegas-140x140.jpeg,2 months ago,
114616,Discover the World of Sweepstakes Casinos with Lucky Bits Vegas,Reviews,https://media.oceanofgames.com/2025/08/Lucky-Bits-Vegas-min-140x140.png,2 months ago,
